Series Name,Series Code,Time,Time Code,Italy [ITA],Japan [JPN],Canada [CAN],France [FRA],Germany [DEU],United Kingdom [GBR],United States [USA]
GDP (current US$),NY.GDP.MKTP.CD,1975,YR1975,2.28221E+11,5.32861E+11,1.7442E+11,3.56781E+11,4.92434E+11,2.41757E+11,1.6849E+12
GDP (current US$),NY.GDP.MKTP.CD,1976,YR1976,2.25235E+11,5.98884E+11,2.07272E+11,3.68488E+11,5.21659E+11,2.32615E+11,1.87341E+12
GDP (current US$),NY.GDP.MKTP.CD,1977,YR1977,2.5819E+11,7.37069E+11,2.12325E+11,4.06736E+11,6.02698E+11,2.63066E+11,2.08183E+12
GDP (current US$),NY.GDP.MKTP.CD,1978,YR1978,3.15784E+11,1.03561E+12,2.1937E+11,5.01724E+11,7.43183E+11,3.35883E+11,2.3516E+12
GDP (current US$),NY.GDP.MKTP.CD,1979,YR1979,3.94585E+11,1.07791E+12,2.43891E+11,6.08219E+11,8.84574E+11,4.38994E+11,2.62733E+12
GDP (current US$),NY.GDP.MKTP.CD,1980,YR1980,4.78357E+11,1.12938E+12,2.74777E+11,6.94529E+11,9.53772E+11,5.64948E+11,2.85731E+12
GDP (current US$),NY.GDP.MKTP.CD,1981,YR1981,4.31696E+11,1.24522E+12,3.07247E+11,6.09185E+11,8.03405E+11,5.40766E+11,3.20704E+12
GDP (current US$),NY.GDP.MKTP.CD,1982,YR1982,4.28257E+11,1.15873E+12,3.14648E+11,5.78152E+11,7.79422E+11,5.15049E+11,3.34379E+12
GDP (current US$),NY.GDP.MKTP.CD,1983,YR1983,4.44063E+11,1.27086E+12,3.41866E+11,5.53356E+11,7.73508E+11,4.89618E+11,3.63404E+12
GDP (current US$),NY.GDP.MKTP.CD,1984,YR1984,4.38897E+11,1.34582E+12,3.56718E+11,5.25033E+11,7.27768E+11,4.61487E+11,4.03761E+12
GDP (current US$),NY.GDP.MKTP.CD,1985,YR1985,4.5326E+11,1.42702E+12,3.66186E+11,5.47221E+11,7.35219E+11,4.89285E+11,4.33898E+12
GDP (current US$),NY.GDP.MKTP.CD,1986,YR1986,6.41862E+11,2.12008E+12,3.79007E+11,7.64947E+11,1.05009E+12,6.01453E+11,4.57963E+12
GDP (current US$),NY.GDP.MKTP.CD,1987,YR1987,8.0757E+11,2.58075E+12,4.33134E+11,9.26321E+11,1.30293E+12,7.45163E+11,4.85522E+12
GDP (current US$),NY.GDP.MKTP.CD,1988,YR1988,8.93664E+11,3.12572E+12,5.0938E+11,1.01083E+12,1.40637E+12,9.10123E+11,5.23644E+12
GDP (current US$),NY.GDP.MKTP.CD,1989,YR1989,9.30802E+11,3.10946E+12,5.67212E+11,1.01674E+12,1.40409E+12,9.26885E+11,5.64158E+12
GDP (current US$),NY.GDP.MKTP.CD,1990,YR1990,1.18395E+12,3.1859E+12,5.96076E+11,1.25765E+12,1.77816E+12,1.09317E+12,5.96314E+12
GDP (current US$),NY.GDP.MKTP.CD,1991,YR1991,1.24909E+12,3.64807E+12,6.12528E+11,1.25896E+12,1.87579E+12,1.1428E+12,6.15813E+12
GDP (current US$),NY.GDP.MKTP.CD,1992,YR1992,1.3232E+12,3.9807E+12,5.94387E+11,1.38966E+12,2.14138E+12,1.17966E+12,6.52033E+12
GDP (current US$),NY.GDP.MKTP.CD,1993,YR1993,1.06741E+12,4.53694E+12,5.79054E+11,1.31438E+12,2.07895E+12,1.06139E+12,6.85856E+12
GDP (current US$),NY.GDP.MKTP.CD,1994,YR1994,1.10175E+12,4.9988E+12,5.79944E+11,1.38582E+12,2.21528E+12,1.14049E+12,7.28724E+12
GDP (current US$),NY.GDP.MKTP.CD,1995,YR1995,1.17737E+12,5.54556E+12,6.05961E+11,1.59522E+12,2.59305E+12,1.34424E+12,7.63975E+12
GDP (current US$),NY.GDP.MKTP.CD,1996,YR1996,1.31478E+12,4.92339E+12,6.30608E+11,1.59889E+12,2.50658E+12,1.41965E+12,8.07312E+12
GDP (current US$),NY.GDP.MKTP.CD,1997,YR1997,1.24499E+12,4.49245E+12,6.54987E+11,1.44939E+12,2.21879E+12,1.56091E+12,8.57755E+12
GDP (current US$),NY.GDP.MKTP.CD,1998,YR1998,1.27273E+12,4.09836E+12,6.34E+11,1.49691E+12,2.24776E+12,1.65369E+12,9.06282E+12
GDP (current US$),NY.GDP.MKTP.CD,1999,YR1999,1.255E+12,4.63598E+12,6.78412E+11,1.48692E+12,2.21387E+12,1.68783E+12,9.63117E+12
GDP (current US$),NY.GDP.MKTP.CD,2000,YR2000,1.14966E+12,4.96836E+12,7.44773E+11,1.36096E+12,1.96698E+12,1.66553E+12,1.0251E+13
GDP (current US$),NY.GDP.MKTP.CD,2001,YR2001,1.17204E+12,4.37471E+12,7.38982E+11,1.37038E+12,1.96638E+12,1.64983E+12,1.05819E+13
GDP (current US$),NY.GDP.MKTP.CD,2002,YR2002,1.28175E+12,4.18285E+12,7.60649E+11,1.49243E+12,2.10235E+12,1.78573E+12,1.09291E+13
GDP (current US$),NY.GDP.MKTP.CD,2003,YR2003,1.58293E+12,4.51956E+12,8.95541E+11,1.8351E+12,2.53472E+12,2.05442E+12,1.14565E+13
GDP (current US$),NY.GDP.MKTP.CD,2004,YR2004,1.81281E+12,4.89312E+12,1.02669E+12,2.10979E+12,2.85232E+12,2.42153E+12,1.22172E+13
GDP (current US$),NY.GDP.MKTP.CD,2005,YR2005,1.86498E+12,4.83147E+12,1.17311E+12,2.19215E+12,2.89339E+12,2.54318E+12,1.30392E+13
GDP (current US$),NY.GDP.MKTP.CD,2006,YR2006,1.95856E+12,4.60166E+12,1.31926E+12,2.31786E+12,3.04631E+12,2.70844E+12,1.38156E+13
GDP (current US$),NY.GDP.MKTP.CD,2007,YR2007,2.22252E+12,4.57975E+12,1.46882E+12,2.65582E+12,3.48406E+12,3.09051E+12,1.44742E+13
GDP (current US$),NY.GDP.MKTP.CD,2008,YR2008,2.41751E+12,5.10668E+12,1.55299E+12,2.9268E+12,3.80879E+12,2.92941E+12,1.47699E+13
GDP (current US$),NY.GDP.MKTP.CD,2009,YR2009,2.20948E+12,5.28949E+12,1.37463E+12,2.70008E+12,3.4798E+12,2.41284E+12,1.44781E+13
GDP (current US$),NY.GDP.MKTP.CD,2010,YR2010,2.14494E+12,5.75907E+12,1.61734E+12,2.64623E+12,3.46815E+12,2.48548E+12,1.5049E+13
GDP (current US$),NY.GDP.MKTP.CD,2011,YR2011,2.30697E+12,6.23315E+12,1.79333E+12,2.87041E+12,3.82483E+12,2.66381E+12,1.55997E+13
GDP (current US$),NY.GDP.MKTP.CD,2012,YR2012,2.09793E+12,6.27236E+12,1.82837E+12,2.68301E+12,3.5979E+12,2.70709E+12,1.6254E+13
GDP (current US$),NY.GDP.MKTP.CD,2013,YR2013,2.15323E+12,5.21233E+12,1.8466E+12,2.81608E+12,3.80809E+12,2.78485E+12,1.68807E+13
GDP (current US$),NY.GDP.MKTP.CD,2014,YR2014,2.17326E+12,4.89699E+12,1.80575E+12,2.86124E+12,3.9658E+12,3.06471E+12,1.76081E+13
GDP (current US$),NY.GDP.MKTP.CD,2015,YR2015,1.84543E+12,4.44493E+12,1.55651E+12,2.44248E+12,3.42357E+12,2.92791E+12,1.8295E+13
GDP (current US$),NY.GDP.MKTP.CD,2016,YR2016,1.88711E+12,5.00368E+12,1.52799E+12,2.47041E+12,3.53778E+12,2.68911E+12,1.88049E+13
GDP (current US$),NY.GDP.MKTP.CD,2017,YR2017,1.97072E+12,4.93084E+12,1.64927E+12,2.58887E+12,3.76309E+12,2.68015E+12,1.96121E+13
GDP (current US$),NY.GDP.MKTP.CD,2018,YR2018,2.09944E+12,5.04088E+12,1.72533E+12,2.78158E+12,4.05201E+12,2.87134E+12,2.06565E+13
GDP (current US$),NY.GDP.MKTP.CD,2019,YR2019,2.01961E+12,5.11799E+12,1.74373E+12,2.72279E+12,3.95721E+12,2.85141E+12,2.154E+13
GDP (current US$),NY.GDP.MKTP.CD,2020,YR2020,1.90748E+12,5.05407E+12,1.65568E+12,2.64793E+12,3.94014E+12,2.69678E+12,2.13541E+13
GDP (current US$),NY.GDP.MKTP.CD,2021,YR2021,2.17921E+12,5.03915E+12,2.02238E+12,2.96643E+12,4.3483E+12,3.14332E+12,2.36812E+13
GDP (current US$),NY.GDP.MKTP.CD,2022,YR2022,2.10407E+12,4.26246E+12,2.19041E+12,2.7963E+12,4.1636E+12,3.11404E+12,2.60069E+13
GDP (current US$),NY.GDP.MKTP.CD,2023,YR2023,2.30461E+12,4.21317E+12,2.17334E+12,3.05183E+12,4.5257E+12,3.36986E+12,2.77207E+13
GDP (current US$),NY.GDP.MKTP.CD,2024,YR2024,2.37277E+12,4.02621E+12,2.24125E+12,3.16208E+12,4.65993E+12,3.64383E+12,2.91849E+13
,,,,,,,,,,
,,,,,,,,,,
,,,,,,,,,,
Data from database: World Development Indicators,,,,,,,,,,
Last Updated: 07/01/2025,,,,,,,,,,
